CHROM.POS	REF.ALT	Cons	TRANSCRIPTS	Strains_AFFECTED	DIVERGENT	Num_Strains
III:2995992	A:C	missense	Y55D5A.5a.1, Y55D5A.5a.2, Y55D5A.5c.1, Y55D5A.5d.1, Y55D5A.5e.1, Y55D5A.5f.1, Y55D5A.5g.1	ECA701, ECA2091, ECA2199, ECA1284, ECA1293, ECA1493, BRC20067, CX11254, CX11262, CX11271, CX11292, CX11314, DL238, ECA1069, ECA1208, ECA1212, ECA1216, ECA1223, ECA1225, ECA1228, ECA1229, ECA1237, ECA1247, ECA1261, ECA1276, ECA1278, ECA1281, ECA1283, ECA1286, ECA1287, ECA1289, ECA191, CB4853, CB4858, ECA396, ECA594, ECA640, ECA722, ECA723, ECA730, ECA744, ECA746, ECA930, ED3011, ED3040, ED3048, ED3052, EG4724, JU1491, JU2001, JU2016, JU2519, JU2522, JU2586, JU2853, JU2862, JU2866, JU2878, JU3125, JU3127, JU3167, JU3169, JU367, JU642, JU774, JU775, JU778, KR314, LKC34, MY1, MY10, MY16, MY23, MY2453, MY518, NIC1119, NIC1779, NIC1801, NIC1802, NIC1805, NIC1809, NIC1811, NIC231, NIC236, NIC251, NIC252, NIC256, NIC258, NIC259, NIC260, NIC261, NIC262, NIC266, NIC271, NIC272, NIC275, NIC276, NIC511, QG2818, QG2823, QG2824, QG2825, QG2827, QG2832, QG2835, QG2836, QG2837, QG2843, QG2850, QG2873, QG2874, QG2877, QG2932, QG536, QX1212, QX1792, WN2001, XZ1516, XZ1756, ECA1202, ECA1206, ECA1713, ECA1751, ECA1757, ECA1769, ECA1815, ECA1851, ECA1891, ECA1919, ECA1925, ECA1969, ECA1997, ECA2073, ECA2081, ECA2111, ECA2119, ECA2151, ECA2191, ECA2195, ECA2251, ECA2417, ECA2443, ECA2473, ECA2475, ECA2482, ECA2489, ECA2522, ECA2523, ECA2529, ECA2536, ECA2555, ECA2561, ECA2584, ECA2609, JU4047, JU4073, JU4082, QG4006, QG4010, QG4018, QG4138, QG4193, QG4228	D	163
III:2997070	C:T	missense	Y55D5A.5a.1, Y55D5A.5a.2, Y55D5A.5c.1, Y55D5A.5d.1, Y55D5A.5e.1, Y55D5A.5f.1, Y55D5A.5g.1	ECA1288, ECA2377	D	2
III:2997182	C:CACCATTTTGTTG	inframe_insertion	Y55D5A.5a.1, Y55D5A.5a.2, Y55D5A.5c.1, Y55D5A.5d.1, Y55D5A.5e.1, Y55D5A.5f.1, Y55D5A.5g.1	XZ1513, ECA1693	D	2
III:2999982	CGCT:C	inframe_deletion	Y55D5A.5a.1, Y55D5A.5a.2, Y55D5A.5c.1, Y55D5A.5d.1, Y55D5A.5e.1, Y55D5A.5f.1, Y55D5A.5g.1	ECA701, ECA2091, ECA2199	D	3
III:3005783	G:T	missense	Y55D5A.5a.1, Y55D5A.5a.2, Y55D5A.5c.1, Y55D5A.5d.1, Y55D5A.5e.1, Y55D5A.5f.1	ECA1284, ECA1293, ECA1493, CX11271, ECA1185, ECA1191, ECA1193, ECA1194, ECA1195, ECA1208, ECA1212, ECA1216, ECA1223, ECA1225, ECA1228, ECA1229, ECA1232, ECA1238, ECA1240, ECA1242, ECA1247, ECA1251, ECA1253, ECA1261, ECA1276, ECA1278, ECA1281, ECA1286, ECA1287, ECA1289, ECA191, ECA347, ECA36, ECA363, ECA396, ECA722, ECA740, ECA741, ECA742, ECA743, ECA744, ECA746, JU2879, JU3226, QX1211, XZ1514, XZ1516, ECA1187, ECA1192, ECA1196, ECA1202, ECA1252, ECA1409, ECA1713, ECA1717, ECA1725, ECA1751, ECA1761, ECA1769, ECA1793, ECA1821, ECA1825, ECA1843, ECA1851, ECA1885, ECA1891, ECA1919, ECA1925, ECA1969, ECA2073, ECA2081, ECA2109, ECA2151, ECA2155, ECA2159, ECA2183, ECA2187, ECA2191, ECA2195, ECA2251, ECA2281, ECA2291, ECA2334, ECA2336, ECA2360, ECA2367, ECA2417, ECA2443, ECA2473, ECA2475, ECA2482, ECA2489, ECA2551, ECA2581, ECA2601, ECA2659, ECA2660, ECA2672, ECA2676, ECA2043	D	100
III:3005885	GTGC:G	inframe_deletion	Y55D5A.5a.1, Y55D5A.5a.2, Y55D5A.5c.1, Y55D5A.5d.1, Y55D5A.5e.1, Y55D5A.5f.1	ECA701, ECA2091, ECA2199	D	3
III:3005900	G:A	missense	Y55D5A.5a.1, Y55D5A.5a.2, Y55D5A.5c.1, Y55D5A.5d.1, Y55D5A.5e.1, Y55D5A.5f.1	XZ1516, ECA2195	D	2
III:3005943	G:GC	missense&inframe_altering	Y55D5A.5a.1, Y55D5A.5a.2, Y55D5A.5c.1, Y55D5A.5d.1, Y55D5A.5e.1, Y55D5A.5f.1	ECA701, ECA2091, ECA2199	D	3
III:3007199	C:T	missense	Y55D5A.5c.1	JU2007, NIC274, NIC514, XZ1734	D	4
III:3008718	G:T	missense	Y55D5A.5a.1, Y55D5A.5a.2, Y55D5A.5c.1, Y55D5A.5d.1, Y55D5A.5e.1, Y55D5A.5f.1	ECA701, ECA2091, ECA2199	D	3
III:3008844	A:T	missense	Y55D5A.5a.1, Y55D5A.5a.2, Y55D5A.5c.1, Y55D5A.5d.1, Y55D5A.5e.1, Y55D5A.5f.1	ECA701, ECA2091, ECA2199	D	3
III:3010466	C:A	start_lost	Y55D5A.5f.1	CB4854, JU2007, JU2838, NIC274, NIC514, QG2841, XZ1734	D	7
III:3013429	GAAGA:G	missense&inframe_altering	Y55D5A.5a.1, Y55D5A.5a.2, Y55D5A.5c.1, Y55D5A.5d.1, Y55D5A.5e.1	ECA2199		1
III:3019596	A:C	missense	Y55D5A.5a.1, Y55D5A.5a.2, Y55D5A.5c.1, Y55D5A.5d.1, Y55D5A.5e.1	BRC20263, CB4854, ECA1074, ECA1284, ECA1293, ECA1413, ECA1493, ECA592, ECA923, ECA928, ED3005, JU1808, JU2007, JU2811, JU2838, JU3224, MY18, MY795, NIC1780, NIC1787, NIC1806, NIC268, NIC274, NIC514, QG2075, QG2813, QG2841, TWN2530, TWN2542, XZ1734, XZ1735, ECA1316, ECA2527, ECA2533, ECA2559, ECA2648, ECA2656, CX11262, CX11271, ECA1185, ECA1191, ECA1193, ECA1194, ECA1195, ECA1208, ECA1212, ECA1216, ECA1223, ECA1225, ECA1228, ECA1229, ECA1232, ECA1237, ECA1238, ECA1240, ECA1242, ECA1247, ECA1251, ECA1253, ECA1261, ECA1276, ECA1278, ECA1281, ECA1283, ECA1286, ECA1287, ECA1289, ECA191, ECA347, ECA36, ECA363, ECA396, ECA722, ECA723, ECA730, ECA740, ECA741, ECA742, ECA743, ECA744, ECA746, JU2879, JU3226, QX1211, QX1791, WN2068, XZ1514, XZ1516, ECA1187, ECA1192, ECA1196, ECA1202, ECA1206, ECA1252, ECA1409, ECA1713, ECA1717, ECA1725, ECA1751, ECA1761, ECA1769, ECA1793, ECA1821, ECA1825, ECA1843, ECA1851, ECA1885, ECA1891, ECA1919, ECA1925, ECA1969, ECA1997, ECA2073, ECA2081, ECA2109, ECA2151, ECA2155, ECA2159, ECA2183, ECA2187, ECA2191, ECA2195, ECA2199, ECA2251, ECA2281, ECA2291, ECA2334, ECA2336, ECA2360, ECA2367, ECA2417, ECA2443, ECA2473, ECA2475, ECA2482, ECA2489, ECA2551, ECA2581, ECA2601, ECA2672, ECA2676, ECA2043		142
III:3023143	AGTC:A	inframe_deletion	Y55D5A.5a.1, Y55D5A.5a.2, Y55D5A.5c.1	BRC20263, CB4854, ECA1074, ECA1186, ECA1284, ECA1293, ECA1413, ECA1493, ECA592, ECA923, ECA928, ED3005, JU1808, JU2007, JU2811, JU2838, JU3224, MY18, MY795, NIC1780, NIC1787, NIC1806, NIC268, NIC274, NIC514, QG2075, QG2813, QG2841, TWN2530, TWN2542, XZ1513, XZ1734, XZ1735, ECA1316, ECA1693, ECA2467, ECA2527, ECA2533, ECA2559, ECA2648, ECA2656, CX11262, CX11271, ECA1185, ECA1191, ECA1193, ECA1194, ECA1195, ECA1208, ECA1212, ECA1216, ECA1223, ECA1225, ECA1228, ECA1229, ECA1232, ECA1237, ECA1238, ECA1240, ECA1242, ECA1247, ECA1251, ECA1253, ECA1261, ECA1276, ECA1278, ECA1281, ECA1283, ECA1286, ECA1287, ECA1289, ECA191, ECA347, ECA36, ECA363, ECA396, ECA722, ECA723, ECA730, ECA740, ECA741, ECA742, ECA743, ECA744, ECA746, JU2879, JU3226, QX1211, QX1791, WN2068, XZ1514, ECA1187, ECA1192, ECA1196, ECA1202, ECA1206, ECA1252, ECA1409, ECA1717, ECA1725, ECA1751, ECA1761, ECA1769, ECA1793, ECA1821, ECA1825, ECA1843, ECA1851, ECA1885, ECA1891, ECA1919, ECA1925, ECA1969, ECA1997, ECA2073, ECA2081, ECA2109, ECA2151, ECA2155, ECA2159, ECA2183, ECA2187, ECA2251, ECA2281, ECA2291, ECA2334, ECA2336, ECA2360, ECA2367, ECA2417, ECA2443, ECA2473, ECA2475, ECA2482, ECA2489, ECA2551, ECA2581, ECA2601, ECA2672, ECA2676		140
III:3028637	A:G	splice_donor	Y55D5A.5a.1, Y55D5A.5a.2, Y55D5A.5c.1	ECA930, MY16, MY23, ECA1815, ECA2111, ECA2522, ECA2523, ECA2529, ECA2536, JU4047, JU4082		11
III:3028693	T:TCTC	inframe_insertion	Y55D5A.5a.1, Y55D5A.5a.2, Y55D5A.5c.1	CX11262, CX11271, ECA1185, ECA1191, ECA1193, ECA1194, ECA1195, ECA1208, ECA1212, ECA1216, ECA1223, ECA1225, ECA1228, ECA1229, ECA1232, ECA1237, ECA1238, ECA1240, ECA1242, ECA1247, ECA1251, ECA1253, ECA1261, ECA1276, ECA1278, ECA1281, ECA1283, ECA1286, ECA1287, ECA1289, ECA191, ECA347, ECA36, ECA363, ECA396, ECA722, ECA723, ECA730, ECA740, ECA741, ECA742, ECA743, ECA744, ECA746, JU2879, JU3226, QX1211, QX1791, WN2068, XZ1514, ECA1187, ECA1192, ECA1196, ECA1202, ECA1206, ECA1252, ECA1409, ECA1717, ECA1725, ECA1751, ECA1761, ECA1769, ECA1793, ECA1821, ECA1825, ECA1843, ECA1851, ECA1885, ECA1891, ECA1919, ECA1925, ECA1969, ECA1997, ECA2043, ECA2073, ECA2081, ECA2109, ECA2151, ECA2155, ECA2159, ECA2183, ECA2187, ECA2251, ECA2281, ECA2291, ECA2334, ECA2336, ECA2360, ECA2367, ECA2417, ECA2443, ECA2473, ECA2475, ECA2482, ECA2489, ECA2551, ECA2581, ECA2601, ECA2672, ECA2676		100
