"clone.A1"	"clone.A2"	"clone.A3"	"clone.A4"	"clone.B1"	"clone.B2"	"clone.B3"	"clone.B4"	"clone.C1"	"clone.C2"	"clone.C3"	"clone.C4"	"clone.D1"	"clone.D2"	"clone.D3"	"clone.D4"
"1"	"CDC33"	"ACC1"	"ALP1"	"ANP1"	"BYE1"	"ANP1"	"ALP1"	"ACE2"	"ACE2"	"ACE2"	"APL2"	"AGA1"	"ANP1"	"BEM2"	"AMD1"	"ADE8"
"2"	"CHO2"	"BCK2"	"ANP1"	"BEM2"	"CCW12"	"CCW12"	"ANP1"	"ADE8"	"BCK2"	"ADH4"	"CTF4"	"BNR1"	"BPH1"	"GPB1"	"ATG2"	"CSE1"
"3"	"HIS4"	"CCZ1"	"BUD9"	"CCW12"	"CSF1"	"CDC16"	"CCW12"	"ATG2"	"CIN1"	"CIT2"	"DIA2"	"ESC8"	"BPT1"	"GPI16"	"CDC33"	"FKS1"
"4"	"IES2"	"CTS1"	"CDC28"	"GLG1"	"DTR1"	"DUR1%2C2"	"DNF1"	"AZF1"	"HLR1"	"CYM1"	"FAS2"	"FAA4"	"CCW12"	"IRA2"	"CDC53"	"IES2"
"5"	"LTE1"	"DHR2"	"CWC22"	"GLT1"	"GLG1"	"GAL11"	"DUS4"	"BCK2"	"HMS1"	"DNF3"	"FZO1"	"FSH1"	"CSE1"	"KIC1"	"FUS2"	"INP2"
"6"	"MIH1"	"FIT1"	"DLD2"	"KRE6"	"GLN3"	"HIS4"	"FAA4"	"BST1"	"IRA2"	"DUS4"	"GAS1"	"LTE1"	"CTF4"	"KRE6"	"GRR1"	"KRE6"
"7"	"MUB1"	"FZO1"	"FLO9"	"LAA1"	"KRE6"	"IRA1"	"GAS1"	"CTF4"	"NIP1"	"ERG9"	"GLT1"	"LYP1"	"GAL11"	"LTE1"	"ICE2"	"MYO4"
"8"	"NUP57"	"HIR3"	"GAT2"	"NOT5"	"LTE1"	"ISM1"	"GGA1"	"DHR2"	"PDR5"	"KIC1"	"IRA1"	"MAK21"	"HIR3"	"MYO4"	"IRA1"	"M7"
"9"	"PET123"	"HSL1"	"KRE6"	"PHO81"	"NUM1"	"JSN1"	"KRE6"	"FAS1"	"PEP4"	"OSH3"	"ISM1"	"MKK2"	"ICE2"	"NIP1"	"MSH5"	"PTR2"
"10"	"PHO81"	"ISW1"	"MNN9"	"RTF1"	"PHO91"	"KAR1"	"PDR5"	"FAS2"	"RAD5"	"PDR12"	"KRE6"	"PCA1"	"KAR1"	"NOT5"	"NPL3"	"RIA1"
"11"	"PRM10"	"LTE1"	"MRPL9"	"SAP185"	"RAD34"	"NFT1"	"PHO81"	"FUN12"	"RCK2"	"PHO4"	"NUM1"	"PHO81"	"KAR5"	"PIN4"	"PRM2"	"RUP1"
"12"	"PSE1"	"LYP1"	"MRS4"	"SFL1"	"RFC3"	"PHO81"	"SAP185"	"GAS2"	"RDH54"	"PPZ2"	"RAD34"	"PHO91"	"KRE6"	"PSR2"	"PRY3"	"SER3"
"13"	"RCK2"	"NGL2"	"MSH5"	"SIN3"	"RPA190"	"PSR2"	"SCP160"	"IRA2"	"REG1"	"STR2"	"RDH54"	"PPZ2"	"MNN9"	"RGA1"	"PSA1"	"SIN4"
"14"	"RRP5"	"OSH3"	"PRM10"	"STO1"	"RUP1"	"RPL8A"	"SEC7"	"KRE6"	"RLR1"	"tL(GAG)G"	"SIN3"	"REG1"	"P1"	"RPO21"	"RAD5"	"SMC5"
"15"	"SWI5"	"PDR12"	"RRM3"	"TRP2"	"YBT1"	"RRN3"	"WHI2"	"MSH5"	"RPL8A"	"TSC10"	"SPO11"	"SCP160"	"NIP1"	"RTF1"	"SOG2"	"TRA1"
"16"	"YLR089C"	"PHO4"	"SAP155"	"VPS17"	NA	"SEC7"	"YBL060W"	"RPA190"	"TAH11"	"UBP5"	"tL(GAG)G"	"SNF2"	"PDR10"	"VTC3"	"STE11"	"UBA1"
"17"	NA	"PSE1"	"SDS3"	"WHI2"	NA	"SRB8"	"YBR241C"	"RPB2"	"TRK1"	"YLR224W"	"VHS3"	"SPC98"	"RCK2"	"WAR1"	"STE4"	"WHI2"
"18"	NA	"RRM3"	"SHS1"	"YMR144W"	NA	"STE4"	"YER130C"	"RPO21"	"TSC10"	"YTA7"	"VPS17"	"SSK22"	"REV3"	"YEF3"	"SUM1"	"YJL051W"
"19"	NA	"SOG2"	"VMA2"	"YTA7"	NA	"tP(UGG)N2"	"YJL051W"	"SCP160"	"YJL051W"	NA	"YJL051W"	"VPS13"	"RPL8A"	"YEL047C"	"tP(UGG)N2"	"YLR422W"
"20"	NA	"STE4"	"YFL040W"	NA	NA	"UBP10"	"YTA7"	"SNF2"	"YLR257W"	NA	"YJL103C"	"WAR1"	"SHS1"	"YLR257W"	"UFD4"	"YPL236C"
"21"	NA	"SWI5"	"YJL051W"	NA	NA	"UTH1"	NA	"SUI3"	"YMR291W"	NA	"YLR089C"	"YJL051W"	"SMC5"	"YMR291W"	"VMA2"	"ZRG8"
"22"	NA	"SXM1"	"YPK2"	NA	NA	"UTP10"	NA	"WAR1"	"YNL311C"	NA	"YLR224W"	"YJR142W"	"SOG2"	"YTA7"	"YJL103C"	NA
"23"	NA	"TOM1"	NA	NA	NA	"UTP30"	NA	"YKL047W"	NA	NA	"YTA7"	"YTA7"	"TAF1"	NA	"YLR089C"	NA
"24"	NA	"YHL017W"	NA	NA	NA	"YEF3"	NA	NA	NA	NA	NA	NA	"YKL047W"	NA	"YLR454W"	NA
"25"	NA	NA	NA	NA	NA	"YEL047C"	NA	NA	NA	NA	NA	NA	"YLR257W"	NA	NA	NA
"26"	NA	NA	NA	NA	NA	"YJL051W"	NA	NA	NA	NA	NA	NA	"YLR446W"	NA	NA	NA
"27"	NA	NA	NA	NA	NA	"YOS1"	NA	NA	NA	NA	NA	NA	"YOL157C"	NA	NA	NA
